job_name,submit_time,task_name,instance_num,task_duration,plan_cpu,plan_mem,plan_gpu,gpu_type,communicate_count,communicate_size
app_73,0,instance_13354,1,35,800,40.0,100,V100,4,884
app_37,0,instance_13363,1,98,800,40.0,200,V100,2,144
app_22,2,instance_13397,1,96,800,40.0,50,V100,1,445
app_91,5,instance_13470,1,40,1200,120.0,50,V100,1,1014
app_0,5,instance_13471,1,41,1200,120.0,100,V100,5,1010
app_86,7,instance_13525,1,28,800,40.0,100,V100,1,236
app_86,7,instance_13526,1,89,800,40.0,200,V100,3,210
app_86,7,instance_13534,1,14,800,40.0,200,V100,5,786
app_86,7,instance_13535,1,78,800,40.0,150,V100,3,90
app_86,7,instance_13543,1,20,800,40.0,100,V100,2,768
app_86,8,instance_13546,1,47,800,40.0,100,V100,3,874
app_86,8,instance_13547,1,68,800,40.0,50,V100,2,704
app_86,8,instance_13554,1,27,800,40.0,150,V100,2,724
app_86,8,instance_13571,1,61,800,40.0,100,V100,1,565
app_130,8,instance_13572,1,22,800,40.0,100,V100,5,834
app_130,8,instance_13573,1,22,800,40.0,50,V100,1,350
app_130,8,instance_13587,1,29,800,40.0,50,V100,3,127
app_130,8,instance_13588,1,29,800,40.0,150,V100,2,1017
app_130,8,instance_13589,1,29,800,40.0,150,V100,1,957
app_130,8,instance_13590,1,29,800,40.0,200,V100,3,332
app_130,8,instance_13591,1,29,800,40.0,150,V100,5,328
app_130,8,instance_13592,1,29,800,40.0,200,V100,4,218
app_130,8,instance_13593,1,29,800,40.0,200,V100,2,670
app_130,8,instance_13594,1,29,800,40.0,100,V100,1,877
app_130,8,instance_13595,1,29,800,40.0,100,V100,1,529
app_130,8,instance_13596,1,29,800,40.0,200,V100,2,855
app_130,8,instance_13597,1,29,800,40.0,150,V100,4,21
app_130,8,instance_13598,1,29,800,40.0,150,V100,5,234
app_130,8,instance_13599,1,29,800,40.0,50,V100,4,902
app_130,8,instance_13600,1,29,800,40.0,150,V100,5,500
app_130,8,instance_13601,1,29,800,40.0,100,V100,5,514
app_130,8,instance_13602,1,29,800,40.0,100,V100,5,517
app_130,8,instance_13603,1,29,800,40.0,200,V100,4,202
app_130,8,instance_13604,1,29,800,40.0,200,V100,4,149
app_130,8,instance_13605,1,29,800,40.0,200,V100,1,94
app_130,8,instance_13606,1,29,800,40.0,150,V100,2,949
app_130,8,instance_13607,1,29,800,40.0,150,V100,1,544
app_130,8,instance_13608,1,29,800,40.0,150,V100,3,32
app_130,8,instance_13612,1,29,800,40.0,150,V100,4,124
app_130,8,instance_13613,1,29,800,40.0,50,V100,3,470
app_130,8,instance_13614,1,29,800,40.0,150,V100,4,103
app_130,8,instance_13617,1,29,800,40.0,50,V100,5,726
app_130,8,instance_13618,1,29,800,40.0,50,V100,2,534
app_130,8,instance_13623,1,29,800,40.0,150,V100,1,507
app_130,8,instance_13624,1,29,800,40.0,50,V100,3,1024
app_130,8,instance_13625,1,29,800,40.0,50,V100,2,512
app_130,8,instance_13626,1,29,800,40.0,150,V100,3,257
app_130,8,instance_13628,1,29,800,40.0,50,V100,1,718
app_86,8,instance_13763,1,89,800,40.0,200,V100,3,732
app_93,8,instance_13780,1,83,800,40.0,200,V100,4,722
app_93,8,instance_13784,1,78,800,40.0,100,V100,1,987
app_93,8,instance_13785,1,53,800,40.0,200,V100,4,289
app_93,8,instance_13786,1,77,800,40.0,200,V100,3,427
app_93,8,instance_13788,1,54,800,40.0,50,V100,1,781
app_93,8,instance_13789,1,82,800,40.0,100,V100,4,1024
app_42,9,instance_13791,1,57,800,40.0,100,V100,2,467
app_11,9,instance_13792,1,54,800,40.0,100,V100,2,789
app_37,9,instance_13794,1,61,800,40.0,200,V100,1,652
app_14,9,instance_13795,1,49,800,16.0,150,V100,2,793
app_54,9,instance_13797,1,50,800,32.0,100,V100,3,325
app_86,9,instance_13814,1,11,800,40.0,200,V100,4,740
app_86,9,instance_13822,1,89,800,40.0,50,V100,3,687
app_86,9,instance_13826,1,67,800,40.0,50,V100,2,301
app_86,9,instance_13829,1,71,800,40.0,50,V100,3,840
app_42,9,instance_13831,1,89,800,40.0,150,V100,1,641
app_93,9,instance_13835,1,84,800,40.0,200,V100,4,581
app_93,9,instance_13836,1,84,800,40.0,50,V100,1,820
app_86,9,instance_13844,1,51,800,40.0,100,V100,5,552
app_93,9,instance_13847,1,54,800,40.0,50,V100,5,30
app_93,9,instance_13848,1,54,800,40.0,150,V100,5,877
app_86,9,instance_13852,1,41,800,40.0,100,V100,1,371
app_86,10,instance_13876,1,69,800,40.0,50,V100,5,1018
app_86,10,instance_13878,1,12,800,40.0,150,V100,4,413
app_86,10,instance_13880,1,12,800,40.0,100,V100,3,830
app_86,11,instance_13889,1,34,800,40.0,50,V100,5,277
app_13,11,instance_13939,1,34,800,40.0,150,V100,5,281
app_13,11,instance_13942,1,36,800,40.0,150,V100,2,464
app_13,11,instance_13943,1,34,800,40.0,150,V100,5,417
app_93,12,instance_13965,1,22,800,40.0,200,V100,2,488
app_86,12,instance_13969,1,48,800,40.0,50,V100,3,117
app_86,12,instance_13970,1,12,800,40.0,50,V100,4,739
app_13,12,instance_13973,1,29,800,40.0,150,V100,1,966
app_86,12,instance_13974,1,68,800,40.0,100,V100,3,305
app_86,12,instance_13977,1,71,800,40.0,150,V100,1,922
app_86,12,instance_14012,1,12,800,40.0,150,V100,3,254
app_86,12,instance_14017,1,59,800,40.0,50,V100,5,375
app_86,12,instance_14019,1,61,800,40.0,50,V100,5,323
app_86,13,instance_14021,1,96,800,40.0,200,V100,5,87
app_86,13,instance_14023,1,12,800,40.0,100,V100,3,479
app_86,13,instance_14039,1,15,800,40.0,50,V100,4,942
app_86,13,instance_14048,1,13,800,40.0,200,V100,1,566
app_86,14,instance_14049,1,29,800,40.0,100,V100,3,633
app_86,14,instance_14063,1,36,800,40.0,200,V100,4,699
app_86,14,instance_14064,1,94,800,40.0,150,V100,3,86
app_86,14,instance_14069,1,15,800,40.0,200,V100,2,697
app_86,14,instance_14071,1,41,800,40.0,50,V100,2,382
app_86,14,instance_14077,1,53,800,40.0,50,V100,2,272
app_86,15,instance_14079,1,36,800,40.0,150,V100,2,215
app_86,15,instance_14092,1,30,800,40.0,150,V100,3,606
app_86,15,instance_14093,1,60,800,40.0,100,V100,2,25
app_86,15,instance_14100,1,59,800,40.0,200,V100,1,13
app_86,16,instance_14111,1,52,800,40.0,100,V100,2,505
app_73,16,instance_14121,1,37,800,40.0,50,V100,1,197
app_86,16,instance_14124,1,51,800,40.0,150,V100,4,8
app_86,16,instance_14125,1,31,800,40.0,100,V100,3,1022
app_86,16,instance_14129,1,47,800,40.0,200,V100,5,589
app_86,16,instance_14130,1,43,800,40.0,100,V100,4,788
app_86,16,instance_14135,1,54,800,40.0,100,V100,4,390
app_86,16,instance_14136,1,66,800,40.0,150,V100,1,278
app_86,16,instance_14137,1,41,800,40.0,50,V100,2,174
app_86,17,instance_14141,1,51,800,40.0,150,V100,2,895
app_86,17,instance_14144,1,16,800,40.0,100,V100,3,516
app_86,17,instance_14145,1,53,800,40.0,150,V100,5,517
app_86,17,instance_14146,1,33,800,40.0,150,V100,3,260
app_86,17,instance_14147,1,38,800,40.0,200,V100,4,32
app_86,17,instance_14151,1,41,800,40.0,100,V100,5,239
app_86,17,instance_14157,1,37,800,40.0,150,V100,2,1001
app_86,17,instance_14159,1,41,800,40.0,100,V100,3,933
app_86,17,instance_14162,1,39,800,40.0,50,V100,5,365
app_86,17,instance_14165,1,59,800,40.0,100,V100,5,549
app_86,18,instance_14166,1,28,800,40.0,200,V100,1,859
app_86,18,instance_14168,1,93,800,40.0,200,V100,3,408
app_86,18,instance_14169,1,51,800,40.0,150,V100,4,305
app_86,18,instance_14171,1,38,800,40.0,200,V100,4,147
app_86,18,instance_14173,1,35,800,40.0,100,V100,1,657
app_86,18,instance_14175,1,32,800,40.0,100,V100,4,788
app_86,18,instance_14176,1,52,800,40.0,100,V100,5,605
app_86,18,instance_14181,1,56,800,40.0,50,V100,3,707
app_86,19,instance_14184,1,82,800,40.0,150,V100,2,387
app_86,19,instance_14186,1,88,800,40.0,150,V100,2,445
app_86,19,instance_14187,1,59,800,40.0,100,V100,5,229
app_86,19,instance_14188,1,59,800,40.0,100,V100,1,230
app_86,19,instance_14190,1,74,800,40.0,50,V100,3,917
app_86,19,instance_14197,1,41,800,40.0,50,V100,1,242
app_86,19,instance_14202,1,17,800,40.0,50,V100,2,459
app_86,19,instance_14203,1,12,800,40.0,100,V100,2,904
app_86,20,instance_14208,1,53,800,40.0,150,V100,1,850
app_86,20,instance_14209,1,12,800,40.0,50,V100,4,689
app_86,20,instance_14211,1,16,800,40.0,150,V100,2,111
app_86,20,instance_14212,1,42,800,40.0,200,V100,1,917
app_86,20,instance_14213,1,40,800,40.0,100,V100,4,750
app_86,20,instance_14215,1,77,800,40.0,200,V100,4,841
app_86,20,instance_14220,1,48,800,40.0,50,V100,2,280
app_86,20,instance_14223,1,52,800,40.0,150,V100,1,95
app_86,20,instance_14225,1,68,800,40.0,200,V100,5,281
app_86,20,instance_14226,1,68,800,40.0,100,V100,5,852
app_86,20,instance_14243,1,29,800,40.0,150,V100,2,868
app_0,20,instance_14245,1,44,1200,120.0,150,V100,2,1014
app_86,21,instance_14256,1,29,800,40.0,200,V100,1,13
app_86,21,instance_14257,1,79,800,40.0,150,V100,3,429
app_86,21,instance_14260,1,68,800,40.0,200,V100,4,411
app_86,21,instance_14261,1,68,800,40.0,150,V100,3,811
app_86,21,instance_14264,1,73,800,40.0,100,V100,2,434
app_86,21,instance_14266,1,40,800,40.0,150,V100,2,274
app_86,21,instance_14276,1,49,800,40.0,100,V100,2,858
app_86,21,instance_14277,1,85,800,40.0,50,V100,3,93
app_86,21,instance_14280,1,12,800,40.0,100,V100,2,748
app_86,21,instance_14284,1,32,800,40.0,150,V100,5,680
app_86,21,instance_14285,1,78,800,40.0,150,V100,5,183
app_86,22,instance_14312,1,90,800,40.0,50,V100,2,478
app_75,22,instance_14316,1,64,800,40.0,50,V100,1,468
app_86,22,instance_14318,1,60,800,40.0,100,V100,2,506
app_86,22,instance_14323,1,66,800,40.0,200,V100,3,32
app_86,22,instance_14330,1,25,800,40.0,200,V100,4,491
app_132,22,instance_14351,1,16,800,40.0,50,V100,5,630
app_132,22,instance_14352,1,16,800,40.0,100,V100,1,206
app_132,22,instance_14353,1,16,800,40.0,200,V100,1,656
app_132,22,instance_14354,1,16,800,40.0,100,V100,2,342
app_132,22,instance_14355,1,16,800,40.0,100,V100,1,148
app_132,22,instance_14356,1,16,800,40.0,100,V100,5,813
app_132,22,instance_14357,1,16,800,40.0,100,V100,1,581
app_132,22,instance_14358,1,16,800,40.0,150,V100,1,423
app_132,22,instance_14359,1,16,800,40.0,200,V100,4,38
app_132,22,instance_14360,1,16,800,40.0,200,V100,5,410
app_132,22,instance_14361,1,16,800,40.0,200,V100,2,758
app_132,22,instance_14362,1,16,800,40.0,200,V100,5,9
app_132,22,instance_14363,1,16,800,40.0,100,V100,4,719
app_132,22,instance_14364,1,16,800,40.0,200,V100,4,147
app_132,22,instance_14365,1,16,800,40.0,150,V100,2,937
app_132,22,instance_14366,1,16,800,40.0,50,V100,2,40
app_132,22,instance_14367,1,16,800,40.0,100,V100,1,913
app_132,22,instance_14368,1,16,800,40.0,100,V100,2,219
app_132,22,instance_14369,1,16,800,40.0,200,V100,4,776
app_132,22,instance_14370,1,16,800,40.0,100,V100,3,374
app_132,22,instance_14371,1,16,800,40.0,50,V100,2,877
app_132,22,instance_14372,1,16,800,40.0,100,V100,4,258
app_132,22,instance_14373,1,16,800,40.0,200,V100,1,793
app_132,22,instance_14374,1,16,800,40.0,200,V100,2,118
app_132,22,instance_14375,1,16,800,40.0,50,V100,3,408
app_132,22,instance_14376,1,16,800,40.0,100,V100,4,742
app_132,22,instance_14377,1,16,800,40.0,200,V100,5,526
app_132,22,instance_14378,1,16,800,40.0,100,V100,2,742
app_132,22,instance_14379,1,16,800,40.0,200,V100,4,474
app_132,22,instance_14380,1,16,800,40.0,50,V100,2,919
app_132,22,instance_14381,1,16,800,40.0,100,V100,1,496
app_132,22,instance_14382,1,16,800,40.0,50,V100,3,383
app_132,22,instance_14383,1,16,800,40.0,200,V100,1,620
app_132,22,instance_14384,1,16,800,40.0,100,V100,3,116
app_132,22,instance_14385,1,16,800,40.0,100,V100,1,280
app_132,22,instance_14386,1,16,800,40.0,200,V100,3,558
app_86,22,instance_14393,1,44,800,40.0,100,V100,2,52
app_86,22,instance_14400,1,40,800,40.0,50,V100,4,566
app_86,22,instance_14413,1,18,800,40.0,100,V100,4,450
app_132,22,instance_14414,1,96,800,40.0,100,V100,5,666
app_132,22,instance_14415,1,96,800,40.0,100,V100,2,161
app_132,22,instance_14416,1,96,800,40.0,200,V100,1,257
app_132,22,instance_14417,1,96,800,40.0,100,V100,1,591
app_132,22,instance_14418,1,96,800,40.0,150,V100,2,580
app_86,22,instance_14427,1,30,800,40.0,200,V100,3,298
app_86,23,instance_14430,1,20,800,40.0,100,V100,2,965
app_134,25,instance_14494,1,33,800,40.0,150,V100,2,947
app_0,25,instance_14496,1,31,1200,120.0,200,V100,3,321
app_0,25,instance_14497,1,33,1200,120.0,100,V100,4,274
app_134,25,instance_14498,1,26,800,40.0,200,V100,3,847
app_13,25,instance_14499,1,57,800,40.0,100,V100,4,750
app_86,25,instance_14500,1,25,800,40.0,150,V100,5,571
app_50,25,instance_14501,1,29,800,40.0,100,V100,4,350
app_93,25,instance_14502,1,53,800,40.0,100,V100,3,747
app_0,25,instance_14503,1,35,1200,120.0,150,V100,2,952
app_13,25,instance_14509,1,29,800,40.0,200,V100,5,82
app_13,26,instance_14518,1,26,800,40.0,150,V100,1,52
app_0,27,instance_14593,1,13,1200,120.0,150,V100,2,836
app_0,27,instance_14598,1,13,1200,120.0,50,V100,3,318
app_18,28,instance_14668,1,59,800,40.0,100,V100,3,493
app_68,28,instance_14669,1,59,800,40.0,50,V100,1,728
app_18,28,instance_14670,1,59,800,40.0,100,V100,5,528
app_28,28,instance_14671,1,59,800,40.0,100,V100,1,393
app_91,28,instance_14672,1,82,1200,120.0,150,V100,3,568
app_13,28,instance_14676,1,62,800,40.0,50,V100,5,221
app_91,28,instance_14687,1,15,1200,120.0,50,V100,4,267
app_23,30,instance_14728,1,97,800,40.0,50,V100,4,333
app_24,32,instance_14808,1,92,800,40.0,50,V100,5,1009
app_126,34,instance_14864,1,97,1600,80.0,50,V100,4,887
app_136,37,instance_14888,1,56,800,32.0,50,V100,1,170
app_136,37,instance_14889,1,56,800,32.0,50,V100,3,58
app_114,38,instance_14903,1,18,800,40.0,50,V100,1,448
app_136,38,instance_14908,1,60,800,32.0,100,V100,5,1015
app_73,39,instance_14950,1,25,800,40.0,100,V100,4,707
app_73,39,instance_14951,1,25,800,40.0,50,V100,1,274
app_0,41,instance_14989,1,46,1200,120.0,100,V100,2,654
app_39,41,instance_14995,1,35,800,40.0,50,V100,1,974
app_0,41,instance_15005,1,60,1200,120.0,200,V100,2,916
app_136,41,instance_15006,1,54,800,32.0,100,V100,3,62
app_0,42,instance_15025,1,38,1200,120.0,200,V100,5,88
app_18,43,instance_15036,1,42,800,40.0,50,V100,5,880
app_91,44,instance_15070,1,15,1200,120.0,50,V100,2,582
app_101,45,instance_15093,1,49,800,50.0,150,V100,4,313
app_101,45,instance_15110,1,48,800,50.0,200,V100,1,114
app_101,46,instance_15120,1,49,800,50.0,50,V100,2,352
app_18,54,instance_15331,1,41,800,40.0,200,V100,4,133
app_101,55,instance_15378,1,42,800,50.0,200,V100,5,730
app_18,55,instance_15380,1,40,800,40.0,150,V100,4,944
app_0,57,instance_15426,1,11,1200,120.0,200,V100,3,415
app_140,57,instance_15427,1,19,800,40.0,100,V100,3,732
app_140,57,instance_15428,1,19,800,40.0,100,V100,2,728
app_140,57,instance_15429,1,19,800,40.0,50,V100,3,810
app_140,57,instance_15430,1,19,800,40.0,50,V100,3,232
app_140,57,instance_15431,1,19,800,40.0,200,V100,1,851
app_140,57,instance_15432,1,19,800,40.0,100,V100,4,969
app_140,57,instance_15433,1,19,800,40.0,100,V100,4,52
app_140,57,instance_15434,1,19,800,40.0,100,V100,1,606
app_140,57,instance_15435,1,19,800,40.0,150,V100,4,382
app_140,57,instance_15436,1,19,800,40.0,200,V100,4,831
app_140,57,instance_15437,1,19,800,40.0,50,V100,2,164
app_140,57,instance_15438,1,19,800,40.0,50,V100,1,66
app_140,57,instance_15439,1,19,800,40.0,150,V100,5,111
app_140,57,instance_15440,1,19,800,40.0,150,V100,4,150
app_140,57,instance_15441,1,19,800,40.0,200,V100,3,311
app_140,57,instance_15442,1,19,800,40.0,100,V100,3,385
app_140,57,instance_15443,1,19,800,40.0,150,V100,5,523
app_140,57,instance_15444,1,19,800,40.0,100,V100,3,616
app_140,57,instance_15445,1,19,800,40.0,100,V100,2,576
app_140,57,instance_15446,1,32,800,40.0,50,V100,5,651
app_140,57,instance_15452,1,19,800,40.0,200,V100,3,173
app_140,57,instance_15453,1,19,800,40.0,100,V100,5,755
app_140,57,instance_15454,1,19,800,40.0,150,V100,5,609
app_140,57,instance_15455,1,19,800,40.0,150,V100,5,203
app_140,57,instance_15456,1,19,800,40.0,50,V100,3,611
app_140,57,instance_15457,1,19,800,40.0,100,V100,5,40
app_140,57,instance_15458,1,19,800,40.0,200,V100,3,300
app_140,57,instance_15484,1,19,800,40.0,100,V100,2,996
app_140,57,instance_15604,1,18,800,40.0,200,V100,3,567
app_140,57,instance_15606,1,18,800,40.0,150,V100,3,356
app_140,57,instance_15607,1,18,800,40.0,200,V100,5,480
app_140,57,instance_15608,1,18,800,40.0,200,V100,2,359
app_140,57,instance_15609,1,18,800,40.0,50,V100,2,750
app_140,57,instance_15610,1,18,800,40.0,200,V100,5,287
app_140,57,instance_15611,1,18,800,40.0,100,V100,5,527
app_140,57,instance_15612,1,18,800,40.0,150,V100,2,138
app_140,57,instance_15613,1,18,800,40.0,50,V100,1,700
app_140,57,instance_15614,1,18,800,40.0,50,V100,5,22
app_140,57,instance_15615,1,18,800,40.0,200,V100,2,290
app_140,57,instance_15616,1,18,800,40.0,150,V100,5,494
app_140,57,instance_15617,1,18,800,40.0,200,V100,4,560
app_140,57,instance_15618,1,18,800,40.0,150,V100,4,3
app_140,57,instance_15619,1,18,800,40.0,100,V100,4,994
app_140,57,instance_15620,1,18,800,40.0,50,V100,3,667
app_140,57,instance_15621,1,18,800,40.0,100,V100,3,521
app_140,57,instance_15622,1,18,800,40.0,150,V100,1,117
app_140,57,instance_15623,1,18,800,40.0,200,V100,5,948
app_140,57,instance_15624,1,18,800,40.0,150,V100,1,660
app_140,57,instance_15625,1,18,800,40.0,150,V100,1,109
app_140,57,instance_15626,1,18,800,40.0,200,V100,2,947
app_140,57,instance_15627,1,18,800,40.0,150,V100,3,322
app_140,57,instance_15628,1,18,800,40.0,150,V100,1,602
app_140,57,instance_15629,1,18,800,40.0,50,V100,4,510
app_140,57,instance_15630,1,18,800,40.0,50,V100,1,352
app_140,57,instance_15631,1,18,800,40.0,200,V100,4,837
app_141,57,instance_15799,1,22,800,40.0,50,V100,5,219
app_52,58,instance_15808,1,45,800,40.0,100,V100,1,168
app_137,58,instance_15812,1,45,800,40.0,150,V100,2,976
app_52,58,instance_15862,1,45,800,40.0,200,V100,2,619
app_137,58,instance_15863,1,45,800,40.0,100,V100,5,306
app_52,59,instance_15888,1,45,800,40.0,200,V100,1,837
app_137,59,instance_15889,1,45,800,40.0,150,V100,2,211
app_52,59,instance_15904,1,45,800,40.0,150,V100,2,145
app_137,59,instance_15905,1,45,800,40.0,200,V100,2,122
app_90,60,instance_15921,1,25,1200,40.0,100,V100,1,607
app_23,61,instance_15927,1,99,800,40.0,50,V100,1,819
app_91,62,instance_15932,1,13,1200,120.0,100,V100,4,186
app_19,62,instance_15936,1,97,800,40.0,50,V100,5,505
app_52,69,instance_16127,1,45,800,40.0,150,V100,3,996
app_0,69,instance_16128,1,66,1200,120.0,50,V100,4,170
app_137,69,instance_16130,1,45,800,40.0,100,V100,1,395
app_142,71,instance_16257,1,70,800,40.0,200,V100,1,501
app_142,71,instance_16258,1,70,800,40.0,150,V100,5,28
app_142,71,instance_16259,1,70,800,40.0,50,V100,1,324
app_142,71,instance_16283,1,19,800,40.0,200,V100,2,347
app_142,71,instance_16285,1,19,800,40.0,200,V100,5,905
app_142,71,instance_16286,1,19,800,40.0,50,V100,4,205
app_143,71,instance_16388,1,64,800,40.0,200,V100,4,666
app_143,71,instance_16389,1,64,800,40.0,150,V100,1,739
app_143,71,instance_16390,1,64,800,40.0,150,V100,2,255
app_143,71,instance_16391,1,66,800,40.0,50,V100,3,229
app_143,71,instance_16393,1,84,800,40.0,50,V100,4,823
app_143,71,instance_16394,1,88,800,40.0,200,V100,1,969
app_107,72,instance_16413,1,60,1200,40.0,150,V100,2,374
app_18,72,instance_16414,1,78,800,40.0,100,V100,3,206
app_138,72,instance_16417,1,75,800,40.0,150,V100,1,81
app_141,72,instance_16418,1,80,800,40.0,200,V100,3,3
app_138,72,instance_16419,1,56,800,40.0,100,V100,3,831
app_141,72,instance_16420,1,60,800,40.0,50,V100,4,5
app_77,72,instance_16446,1,93,800,40.0,200,V100,5,123
app_144,72,instance_16506,1,91,800,40.0,50,V100,3,509
app_144,72,instance_16507,1,91,800,40.0,50,V100,5,462
app_143,72,instance_16528,1,42,800,40.0,200,V100,5,602
app_143,72,instance_16529,1,42,800,40.0,50,V100,4,361
app_114,72,instance_16535,1,21,800,40.0,100,V100,5,364
app_18,72,instance_16555,1,27,800,40.0,150,V100,1,91
app_141,72,instance_16557,1,24,800,40.0,100,V100,3,524
app_143,73,instance_16586,1,59,800,40.0,50,V100,4,166
app_144,73,instance_16587,1,54,800,40.0,200,V100,5,689
app_60,74,instance_16854,1,30,800,16.0,100,V100,4,54
app_27,74,instance_16932,1,22,800,40.0,200,V100,4,17
app_27,74,instance_16933,1,22,800,40.0,200,V100,2,312
app_27,74,instance_16936,1,67,800,40.0,100,V100,4,278
app_60,74,instance_16984,1,72,800,16.0,50,V100,3,807
app_27,74,instance_16985,1,50,800,40.0,200,V100,4,277
app_123,74,instance_17102,1,12,800,16.0,200,V100,4,539
app_123,74,instance_17103,1,12,800,16.0,100,V100,2,247
app_123,74,instance_17104,1,12,800,16.0,100,V100,4,599
app_123,74,instance_17105,1,12,800,16.0,150,V100,3,583
app_123,74,instance_17106,1,12,800,16.0,100,V100,2,537
app_123,74,instance_17107,1,12,800,16.0,50,V100,5,938
app_123,74,instance_17108,1,12,800,16.0,100,V100,4,428
app_123,74,instance_17109,1,12,800,16.0,50,V100,2,573
app_123,74,instance_17110,1,12,800,16.0,50,V100,5,243
app_123,74,instance_17111,1,12,800,16.0,200,V100,5,476
app_123,74,instance_17112,1,12,800,16.0,150,V100,5,73
app_123,74,instance_17113,1,12,800,16.0,200,V100,2,525
app_123,74,instance_17114,1,12,800,16.0,50,V100,2,155
app_123,74,instance_17115,1,12,800,16.0,50,V100,4,302
app_123,74,instance_17116,1,12,800,16.0,150,V100,1,659
app_123,74,instance_17117,1,12,800,16.0,100,V100,2,341
app_123,74,instance_17118,1,19,800,16.0,200,V100,5,37
app_77,74,instance_17168,1,50,800,40.0,150,V100,1,575
app_77,74,instance_17169,1,36,800,40.0,50,V100,4,419
app_123,74,instance_17175,1,27,800,16.0,100,V100,2,389
app_144,74,instance_17195,1,32,800,40.0,50,V100,4,709
app_21,74,instance_17203,1,11,800,16.0,100,V100,1,812
app_14,74,instance_17204,1,11,800,16.0,200,V100,1,187
app_14,74,instance_17205,1,11,800,16.0,100,V100,5,538
app_53,74,instance_17206,1,11,800,40.0,200,V100,2,280
app_0,74,instance_17209,1,11,1200,120.0,100,V100,4,125
app_0,74,instance_17210,1,11,1200,120.0,100,V100,5,255
app_0,74,instance_17211,1,11,1200,120.0,200,V100,1,524
app_0,74,instance_17212,1,11,1200,120.0,100,V100,5,865
app_0,74,instance_17213,1,11,1200,120.0,100,V100,2,916
app_54,74,instance_17214,1,11,800,32.0,50,V100,5,382
app_60,74,instance_17215,1,11,800,16.0,200,V100,2,1010
app_0,74,instance_17216,1,11,1200,120.0,200,V100,3,183
app_0,74,instance_17223,1,11,1200,120.0,100,V100,4,373
app_0,74,instance_17225,1,11,1200,120.0,150,V100,1,657
app_53,74,instance_17229,1,11,800,40.0,100,V100,2,427
app_100,74,instance_17230,1,11,800,16.0,50,V100,5,18
app_0,75,instance_17245,1,31,1200,120.0,200,V100,1,630
app_14,75,instance_17257,1,45,800,16.0,100,V100,4,539
app_0,75,instance_17258,1,65,1200,120.0,150,V100,1,293
app_0,75,instance_17259,1,66,1200,120.0,200,V100,3,1023
app_0,75,instance_17327,1,41,1200,120.0,50,V100,4,875
app_0,76,instance_17430,1,32,1200,120.0,150,V100,3,663
app_27,76,instance_17451,1,12,800,40.0,150,V100,5,629
app_27,76,instance_17452,1,12,800,40.0,200,V100,1,997
app_27,76,instance_17453,1,12,800,40.0,50,V100,4,107
app_27,76,instance_17454,1,12,800,40.0,200,V100,1,898
app_27,76,instance_17455,1,12,800,40.0,200,V100,1,681
app_27,76,instance_17456,1,12,800,40.0,50,V100,2,934
app_27,76,instance_17457,1,12,800,40.0,100,V100,2,923
app_27,76,instance_17458,1,12,800,40.0,100,V100,1,611
app_27,76,instance_17459,1,12,800,40.0,50,V100,2,530
app_27,76,instance_17460,1,12,800,40.0,150,V100,4,416
app_27,76,instance_17461,1,12,800,40.0,200,V100,3,154
app_27,76,instance_17462,1,12,800,40.0,50,V100,1,805
app_27,76,instance_17463,1,12,800,40.0,50,V100,3,190
app_27,76,instance_17464,1,58,800,40.0,150,V100,3,296
app_23,76,instance_17512,1,95,800,40.0,150,V100,3,634
app_0,76,instance_17522,1,32,1200,120.0,100,V100,5,189
app_145,76,instance_17532,1,22,800,40.0,150,V100,5,130
app_145,76,instance_17534,1,25,800,40.0,200,V100,5,980
app_145,76,instance_17535,1,60,800,40.0,100,V100,5,621
app_145,76,instance_17536,1,25,800,40.0,200,V100,5,632
app_145,76,instance_17539,1,22,800,40.0,100,V100,2,899
app_145,76,instance_17546,1,60,800,40.0,100,V100,4,21
app_145,76,instance_17547,1,60,800,40.0,50,V100,5,83
app_145,76,instance_17548,1,25,800,40.0,200,V100,5,852
app_145,76,instance_17549,1,24,800,40.0,100,V100,1,858
app_145,76,instance_17550,1,24,800,40.0,150,V100,3,533
app_145,76,instance_17551,1,24,800,40.0,100,V100,2,378
app_145,76,instance_17552,1,24,800,40.0,200,V100,1,470
app_145,76,instance_17553,1,60,800,40.0,150,V100,1,290
app_145,76,instance_17554,1,24,800,40.0,50,V100,5,984
app_145,76,instance_17555,1,60,800,40.0,50,V100,2,54
app_145,76,instance_17556,1,60,800,40.0,50,V100,2,156
app_145,76,instance_17557,1,60,800,40.0,150,V100,4,265
app_145,76,instance_17576,1,22,800,40.0,200,V100,5,946
app_145,76,instance_17577,1,22,800,40.0,150,V100,4,625
app_0,76,instance_17592,1,32,1200,120.0,50,V100,4,211
app_145,76,instance_17594,1,28,800,40.0,100,V100,2,377
app_145,76,instance_17595,1,43,800,40.0,50,V100,3,103
app_145,76,instance_17645,1,26,800,40.0,150,V100,5,249
app_145,76,instance_17647,1,19,800,40.0,200,V100,2,880
app_145,76,instance_17648,1,26,800,40.0,100,V100,3,152
app_145,76,instance_17679,1,39,800,40.0,150,V100,4,43
app_145,76,instance_17680,1,39,800,40.0,150,V100,4,545
app_145,76,instance_17681,1,39,800,40.0,100,V100,1,981
app_145,76,instance_17682,1,40,800,40.0,50,V100,1,567
app_145,76,instance_17683,1,20,800,40.0,100,V100,5,684
app_145,76,instance_17684,1,20,800,40.0,200,V100,1,668
app_145,76,instance_17685,1,40,800,40.0,100,V100,2,18
app_145,76,instance_17686,1,40,800,40.0,50,V100,3,222
app_145,76,instance_17694,1,36,800,40.0,100,V100,2,66
app_145,76,instance_17695,1,46,800,40.0,200,V100,4,150
app_145,77,instance_17702,1,28,800,40.0,100,V100,2,32
app_145,77,instance_17703,1,28,800,40.0,50,V100,2,609
app_145,77,instance_17704,1,28,800,40.0,50,V100,4,382
app_145,77,instance_17705,1,28,800,40.0,200,V100,5,406
app_26,77,instance_17726,1,31,800,40.0,100,V100,1,196
app_145,77,instance_17759,1,11,800,40.0,200,V100,2,835
app_145,77,instance_17760,1,11,800,40.0,50,V100,2,794
app_145,77,instance_17761,1,11,800,40.0,100,V100,1,302
app_145,76,instance_17765,1,37,800,40.0,50,V100,1,539
app_145,77,instance_17767,1,18,800,40.0,200,V100,3,1023
app_145,77,instance_17810,1,15,800,40.0,150,V100,2,332
app_145,77,instance_17828,1,27,800,40.0,100,V100,1,139
app_145,78,instance_17872,1,95,800,40.0,200,V100,3,921
app_89,81,instance_18057,1,21,800,40.0,200,V100,2,437
app_20,81,instance_18091,1,59,800,40.0,50,V100,4,768
app_126,82,instance_18104,1,92,1600,80.0,50,V100,5,79
app_19,82,instance_18112,1,92,800,40.0,100,V100,5,19
app_0,85,instance_18287,1,11,1200,120.0,100,V100,4,117
app_0,85,instance_18288,1,12,1200,120.0,100,V100,5,482
app_89,87,instance_18432,1,91,800,40.0,200,V100,1,677
app_89,87,instance_18454,1,32,800,40.0,150,V100,1,684
app_89,88,instance_18463,1,64,800,40.0,200,V100,3,521
app_89,88,instance_18464,1,91,800,40.0,200,V100,4,984
app_18,88,instance_18465,1,59,800,40.0,100,V100,4,22
app_18,88,instance_18466,1,60,800,40.0,200,V100,1,74
app_27,88,instance_18489,1,98,800,40.0,50,V100,4,164
app_89,89,instance_18498,1,23,800,40.0,50,V100,4,334
app_0,89,instance_18516,1,32,1200,120.0,50,V100,3,173
app_0,89,instance_18517,1,55,1200,120.0,150,V100,3,484
app_62,89,instance_18520,1,24,800,40.0,200,V100,4,482
app_62,89,instance_18521,1,48,800,40.0,100,V100,4,755
app_100,89,instance_18522,1,52,800,16.0,150,V100,4,463
app_54,89,instance_18524,1,50,800,32.0,200,V100,4,575
app_0,89,instance_18535,1,32,1200,120.0,100,V100,1,839
app_89,90,instance_18551,1,52,800,40.0,100,V100,5,843
app_89,90,instance_18580,1,55,800,40.0,150,V100,1,711
app_3,90,instance_18581,1,71,800,16.0,100,V100,2,13
app_89,91,instance_18591,1,29,800,40.0,150,V100,2,847
app_3,91,instance_18608,1,60,800,16.0,50,V100,3,590
app_114,91,instance_18618,1,39,800,40.0,100,V100,1,837
app_89,91,instance_18628,1,25,800,40.0,50,V100,2,126
app_89,92,instance_18639,1,60,800,40.0,100,V100,3,62
app_89,92,instance_18652,1,40,800,40.0,50,V100,4,897
app_89,92,instance_18658,1,30,800,40.0,100,V100,4,302
app_89,93,instance_18670,1,19,800,40.0,100,V100,1,189
app_89,93,instance_18671,1,89,800,40.0,150,V100,2,275
app_22,98,instance_18815,1,97,800,40.0,50,V100,2,852
app_20,99,instance_18855,1,60,800,40.0,200,V100,4,847
